{
    "type": "minecraft:entity",
    "pools": [
        {
            "rolls": 1,
            "entries": [
                {
                    "type": "minecraft:item",
                    "name": "minecraft:barrel",
                    "functions": [
                        {
                            "function": "set_nbt",
                            "tag": "{CustomModelData:11140021,id:'anc:craft_machine',display:{Name:'{\"italic\":false,\"translate\":\"anc.block.craft_machine.name\"}'},BlockEntityTag:{Lock:'276082751CF95F35648CB2F47928AB2B'}}"
                        }
                    ]
                }
            ]
        }
    ]
}