{
    "type": "minecraft:entity",
    "pools": [
        {
            "rolls": 1,
            "entries": [
                {
                    "type": "minecraft:item",
                    "name": "minecraft:firework_star",
                    "functions": [
                        {
                            "function": "set_nbt",
                            "tag": "{CustomModelData:11140009,dict:[\"protocol\"],id:'anc:dispel_protocol_punishment',display:{Name:'{\"italic\":false,\"translate\":\"anc.item.dispel_protocol_punishment.name\"}'}}"
                        }
                    ]
                }
            ]
        }
    ]
}