{
	"pools": [
		{
			"rolls": 1,
			"entries": [
				{
					"type": "minecraft:alternatives",
					"children": [
						{
							"_comment": "下界核心",
							"conditions": [
								{
									"condition": "minecraft:location_check",
									"predicate": {
										"block": {
											"nbt": "{Items:[{Slot:1b,tag:{id:\"anc:debris_scrap\"}},{Slot:2b,tag:{id:\"anc:debris_scrap\"}},{Slot:3b,tag:{id:\"anc:debris_scrap\"}},{Slot:10b,tag:{id:\"anc:debris_scrap\"}},{Slot:11b,tag:{id:\"anc:nether_star_shard\"}},{Slot:12b,tag:{id:\"anc:debris_scrap\"}},{Slot:19b,tag:{id:\"anc:debris_scrap\"}},{Slot:20b,tag:{id:\"anc:debris_scrap\"}},{Slot:21b,tag:{id:\"anc:debris_scrap\"}}]}"
										}
									}
								}
							],
							"type": "minecraft:loot_table",
							"name": "anc:netherite_core"
						},
						{
							"_comment": "合金卷材",
							"conditions": [
								{
									"condition": "minecraft:location_check",
									"predicate": {
										"block": {
											"nbt": "{Items:[{Slot:1b,id:\"minecraft:light_weighted_pressure_plate\"},{Slot:2b,id:\"minecraft:light_weighted_pressure_plate\"},{Slot:3b,id:\"minecraft:light_weighted_pressure_plate\"},{Slot:10b,id:\"minecraft:light_weighted_pressure_plate\"},{Slot:11b,tag:{id:\"anc:netherite_core\"}},{Slot:12b,id:\"minecraft:light_weighted_pressure_plate\"},{Slot:19b,id:\"minecraft:light_weighted_pressure_plate\"},{Slot:20b,id:\"minecraft:light_weighted_pressure_plate\"},{Slot:21b,id:\"minecraft:light_weighted_pressure_plate\"}]}"
										}
									}
								}
							],
							"type": "minecraft:loot_table",
							"name": "anc:netherite_coil"
						},
						{
							"_comment": "维修协议",
							"conditions": [
								{
									"condition": "minecraft:location_check",
									"predicate": {
										"block": {
											"nbt": "{Items:[{id:\"minecraft:heavy_weighted_pressure_plate\"},{id:\"minecraft:heavy_weighted_pressure_plate\"},{id:\"minecraft:heavy_weighted_pressure_plate\"},{id:\"minecraft:heavy_weighted_pressure_plate\"},{Slot:11b,tag:{id:\"anc:empty_protocol\"}},{id:\"minecraft:iron_ingot\"},{id:\"minecraft:iron_ingot\"},{id:\"minecraft:iron_ingot\"},{id:\"minecraft:iron_ingot\"}]}"
										}
									}
								}
							],
							"type": "minecraft:loot_table",
							"name": "anc:repair_protocol"
						},
						{
							"_comment": "吸收协议",
							"conditions": [
								{
									"condition": "minecraft:location_check",
									"predicate": {
										"block": {
											"nbt": "{Items:[{id:\"minecraft:glass_bottle\"},{id:\"minecraft:glass_bottle\"},{id:\"minecraft:glass_bottle\"},{id:\"minecraft:glass_bottle\"},{Slot:11b,tag:{id:\"anc:empty_protocol\"}},{id:\"minecraft:glass_bottle\"},{id:\"minecraft:glass_bottle\"},{id:\"minecraft:glass_bottle\"},{id:\"minecraft:glass_bottle\"}]}"}
									}
								}
							],
							"type": "minecraft:loot_table",
							"name": "anc:absorb_protocol"
						},
						{
							"_comment": "祛魔协议（去首）",
							"conditions": [
								{
									"condition": "minecraft:location_check",
									"predicate": {
										"block": {
											"nbt": "{Items:[{id:\"minecraft:glowstone\"},{id:\"minecraft:glowstone\"},{id:\"minecraft:glowstone\"},{id:\"minecraft:glowstone\"},{Slot:11b,tag:{id:\"anc:dispel_protocol_random\"}},{id:\"minecraft:glowstone\"},{id:\"minecraft:glowstone\"},{id:\"minecraft:glowstone\"},{id:\"minecraft:glowstone\"}]}"
										}
									}
								}
							],
							"type": "minecraft:loot_table",
							"name": "anc:dispel_protocol_first"
						},
						{
							"_comment": "祛魔协议（去尾）",
							"conditions": [
								{
									"condition": "minecraft:location_check",
									"predicate": {
										"block": {
											"nbt": "{Items:[{id:\"minecraft:obsidian\"},{id:\"minecraft:obsidian\"},{id:\"minecraft:obsidian\"},{id:\"minecraft:obsidian\"},{Slot:11b,tag:{id:\"anc:dispel_protocol_random\"}},{id:\"minecraft:obsidian\"},{id:\"minecraft:obsidian\"},{id:\"minecraft:obsidian\"},{id:\"minecraft:obsidian\"}]}"
										}
									}
								}
							],
							"type": "minecraft:loot_table",
							"name": "anc:dispel_protocol_last"
						},
						{
							"_comment": "祛魔协议（去诅咒）",
							"conditions": [
								{
									"condition": "minecraft:location_check",
									"predicate": {
										"block": {
											"nbt": "{Items:[{id:\"minecraft:rabbit_foot\"},{id:\"minecraft:rabbit_foot\"},{id:\"minecraft:rabbit_foot\"},{id:\"minecraft:rabbit_foot\"},{Slot:11b,tag:{id:\"anc:dispel_protocol_random\"}},{id:\"minecraft:rabbit_foot\"},{id:\"minecraft:rabbit_foot\"},{id:\"minecraft:rabbit_foot\"},{id:\"minecraft:rabbit_foot\"}]}"
										}
									}
								}
							],
							"type": "minecraft:loot_table",
							"name": "anc:dispel_protocol_curse"
						}
					]
				}
			]
		}
	]
}