{
	"pools": [
		{
			"rolls": 1,
			"entries": [
				{
					"type": "minecraft:alternatives",
					"children": [
						{
							"_comment": "翅膜",
							"conditions": [
								{
									"condition": "minecraft:location_check",
									"predicate": {
										"block": {
											"nbt": "{Items:[{tag:{id:\"anc:elytra_frame\"}},{id:\"minecraft:phantom_membrane\"},{id:\"minecraft:phantom_membrane\"},{id:\"minecraft:phantom_membrane\"}]}"
										}
									}
								}
							],
							"type": "minecraft:loot_table",
							"name": "anc:elytra_membrane"
						},
						{
							"_comment": "祛魔协议（惩罚）",
							"conditions": [
								{
									"condition": "minecraft:location_check",
									"predicate": {
										"block": {
											"nbt": "{Items:[{tag:{id:\"anc:dispel_protocol_first\"}},{tag:{id:\"anc:dispel_protocol_last\"}},{tag:{id:\"anc:dispel_protocol_curse\"}},{id:\"minecraft:diamond\"}]}"
										}
									}
								}
							],
							"type": "minecraft:loot_table",
							"name": "anc:dispel_protocol_punishment"
						}
					]
				}
			]
		}
	]
}