{
	"pools": [
		{
			"rolls": 1,
			"entries": [
				{
					"type": "minecraft:alternatives",
					"children": [
						{
							"_comment": "翅膜",
							"conditions": [
								{
									"condition": "minecraft:location_check",
									"predicate": {
										"block": {
											"nbt": "{Items:[{id:\"minecraft:paper\"},{id:\"minecraft:feather\"},{id:\"minecraft:glow_ink_sac\"}]}"
										}
									}
								}
							],
							"type": "minecraft:loot_table",
							"name": "anc:empty_protocol"
						}
					]
				}
			]
		}
	]
}