{
    "type": "minecraft:entity",
    "pools": [
        {
            "rolls": 1,
            "entries": [
                {
                    "type": "minecraft:item",
                    "name": "minecraft:firework_star",
                    "functions": [
                        {
                            "function": "set_nbt",
                            "tag": "{ancClear:1b,CustomModelData:11141010,id:'anc:warning_none',display:{Name:'{\"italic\":false,\"translate\":\"anc.item.warning_none.name\"}'}}"
                        }
                    ]
                }
            ]
        }
    ]
}